scale,zero
254.89803921568628,32.51123863444053
