scale,zero
12.419607843137255,41.65108935901483
