scale,zero
191.1921568627451,-1.9174221602330022
