scale,zero
9.066666666666666,-5.463235294117638
