scale,zero
172.0313725490196,7.870566244187103
